"Time (s)","Latitude (°)","Longitude (°)","Height (m)","Velocity (m/s)","Direction (°)","Horizontal Accuracy (m)","Vertical Accuracy (m)"
0.000000000E0,6.503906040E1,2.555228460E1,2.382120146E1,NaN,NaN,1.149800014E1,1.000000000E0
3.805693070E-1,6.503906040E1,2.555228460E1,2.382120146E1,NaN,NaN,9.423100281E1,1.754660034E1
3.963218460E-1,6.503906040E1,2.555228460E1,2.382120146E1,NaN,NaN,9.434300232E1,1.756900024E1
1.923094145E1,6.503898833E1,2.555189333E1,8.321261972E0,8.075991869E-1,2.194100037E2,5.000000000E0,3.640000153E1
2.023094145E1,6.503901000E1,2.555196833E1,7.121248059E0,9.182644486E-1,2.169299927E2,2.599999905E0,1.679999924E1
2.123094145E1,6.503900333E1,2.555195000E1,9.121251889E0,9.779722095E-1,2.197700043E2,2.200000048E0,1.539999962E1
2.306794145E1,6.503898667E1,2.555193333E1,1.182125869E1,8.812044263E-1,2.221100006E2,1.899999976E0,1.480000019E1
2.406794145E1,6.503897667E1,2.555193667E1,1.402126150E1,1.007826090E0,2.149100037E2,1.799999952E0,1.460000038E1
2.506794145E1,6.503896500E1,2.555192000E1,1.542126674E1,1.321806669E0,2.101100006E2,1.700000048E0,1.430000019E1
2.606794145E1,6.503895500E1,2.555189667E1,1.602127208E1,1.429383636E0,2.164199982E2,1.600000024E0,1.450000000E1
2.706794145E1,6.503894667E1,2.555187167E1,1.642127707E1,1.361440301E0,2.176600037E2,1.600000024E0,1.380000019E1
2.806794145E1,6.503894000E1,2.555184833E1,1.672128138E1,1.372249484E0,2.163300018E2,1.600000024E0,1.389999962E1
2.906794145E1,6.503893333E1,2.555183500E1,1.732128473E1,1.451516628E0,2.007299957E2,1.600000024E0,1.350000000E1
3.006794145E1,6.503892500E1,2.555182833E1,1.742128797E1,1.267246127E0,1.956399994E2,1.500000000E0,1.360000038E1
3.106794145E1,6.503892000E1,2.555182833E1,1.712128954E1,1.242539406E0,1.907799988E2,1.500000000E0,1.319999981E1
3.206794145E1,6.503890833E1,2.555183333E1,1.702129271E1,1.247686625E0,1.729100037E2,1.500000000E0,1.339999962E1
3.306794145E1,6.503889667E1,2.555183667E1,1.662129605E1,1.400044441E0,1.812799988E2,1.600000024E0,1.360000038E1
3.406794145E1,6.503888500E1,2.555184167E1,1.642129922E1,1.116432548E0,1.596900024E2,1.600000024E0,1.360000038E1
3.506794145E1,6.503887833E1,2.555185667E1,1.622129988E1,1.430413008E0,1.429299927E2,1.500000000E0,1.319999981E1
3.606794145E1,6.503886667E1,2.555187000E1,1.612130226E1,1.428868890E0,1.506000061E2,1.500000000E0,1.330000019E1
3.706794145E1,6.503885333E1,2.555188000E1,1.572130548E1,1.319233060E0,1.534900055E2,1.600000024E0,1.360000038E1
3.806794145E1,6.503884000E1,2.555188833E1,1.532130886E1,1.166875243E0,1.531000061E2,1.600000024E0,1.319999981E1
3.906794145E1,6.503883000E1,2.555190333E1,1.502131056E1,1.207023621E0,1.457400055E2,1.500000000E0,1.310000038E1
4.006794145E1,6.503881833E1,2.555191833E1,1.462131278E1,1.321291924E0,1.458000031E2,1.399999976E0,1.289999962E1
4.106794145E1,6.503880500E1,2.555193667E1,1.442131521E1,1.340851426E0,1.470399933E2,1.399999976E0,1.280000019E1
4.206794145E1,6.503879333E1,2.555195833E1,1.432131679E1,1.386146903E0,1.410299988E2,1.399999976E0,1.269999981E1
4.306794145E1,6.503878167E1,2.555197833E1,1.402131854E1,1.424751163E0,1.458699951E2,1.399999976E0,1.260000038E1
4.406794145E1,6.503876833E1,2.555200000E1,1.362132065E1,1.511224389E0,1.410399933E2,1.500000000E0,1.269999981E1
4.506794145E1,6.503875833E1,2.555202000E1,1.322132187E1,1.520489454E0,1.445800018E2,1.600000024E0,1.289999962E1
4.606794145E1,6.503874833E1,2.555203167E1,1.282132388E1,1.526151419E0,1.490200043E2,1.500000000E0,1.269999981E1
4.706794145E1,6.503873833E1,2.555204500E1,1.262132574E1,1.535416365E0,1.493399963E2,1.399999976E0,1.289999962E1
4.806794145E1,6.503872667E1,2.555206000E1,1.232132796E1,1.578653097E0,1.441199951E2,1.399999976E0,1.310000038E1
4.906794145E1,6.503871500E1,2.555207500E1,1.212133018E1,1.644022822E0,1.442400055E2,1.399999976E0,1.330000019E1
5.006794145E1,6.503870333E1,2.555209667E1,1.182133176E1,1.658434987E0,1.438699951E2,1.399999976E0,1.350000000E1
5.106794145E1,6.503869167E1,2.555211667E1,1.162133350E1,1.674906135E0,1.425800018E2,1.399999976E0,1.300000000E1
5.206794145E1,6.503868000E1,2.555213833E1,1.152133508E1,1.652258277E0,1.438300018E2,1.399999976E0,1.200000000E1
5.306794145E1,6.503866833E1,2.555216833E1,1.172133587E1,1.639390230E0,1.414799957E2,1.500000000E0,1.189999962E1
5.406794145E1,6.503865500E1,2.555219000E1,1.132133797E1,1.616742492E0,1.445299988E2,1.399999976E0,1.210000038E1
5.506794145E1,6.503864167E1,2.555220500E1,1.092134071E1,1.604903936E0,1.506699982E2,1.399999976E0,1.200000000E1
5.606794145E1,6.503863000E1,2.555221667E1,1.052134325E1,1.597697735E0,1.562899933E2,1.399999976E0,1.210000038E1
5.706794145E1,6.503861667E1,2.555223167E1,1.002134598E1,1.626522183E0,1.538899994E2,1.500000000E0,1.219999981E1
5.806794145E1,6.503860167E1,2.555225167E1,9.721348765E0,1.652773023E0,1.490000000E2,1.600000024E0,1.210000038E1
5.906794145E1,6.503859000E1,2.555228667E1,9.121349072E0,1.639390230E0,1.446999969E2,1.600000024E0,1.169999981E1
6.006794145E1,6.503858000E1,2.555231000E1,8.521349971E0,1.620345592E0,1.479100037E2,1.600000024E0,1.189999962E1
6.106794145E1,6.503857167E1,2.555233500E1,8.221350189E0,1.621889710E0,1.503999939E2,1.600000024E0,1.119999981E1
6.206794145E1,6.503855833E1,2.555235167E1,8.021352766E0,1.635272503E0,1.478899994E2,1.600000024E0,1.100000000E1
6.306794145E1,6.503854500E1,2.555237333E1,8.021354864E0,1.638360858E0,1.475700073E2,1.600000024E0,1.130000019E1
6.406794145E1,6.503853167E1,2.555239667E1,7.821356803E0,1.619830847E0,1.466600037E2,1.500000000E0,1.119999981E1
6.506794145E1,6.503852167E1,2.555241833E1,7.521357859E0,1.617257237E0,1.594600067E2,1.600000024E0,1.139999962E1
6.606794145E1,6.503850667E1,2.555243500E1,7.221360955E0,1.626522183E0,1.575599976E2,1.600000024E0,1.139999962E1
6.706794145E1,6.503849167E1,2.555245500E1,7.421363732E0,1.641449213E0,1.502799988E2,1.600000024E0,1.169999981E1
6.806794145E1,6.503847500E1,2.555247667E1,7.121366869E0,1.627036929E0,1.449799957E2,1.600000024E0,1.119999981E1
6.906794145E1,6.503846667E1,2.555249833E1,7.121367403E0,1.614168882E0,1.515800018E2,1.600000024E0,1.119999981E1
7.006794145E1,6.503845667E1,2.555252000E1,7.421368457E0,1.618286610E0,1.388800049E2,1.600000024E0,1.119999981E1
7.106794145E1,6.503844667E1,2.555254333E1,7.621369352E0,1.613139391E0,1.412100067E2,1.600000024E0,1.130000019E1
7.206794145E1,6.503843500E1,2.555256500E1,7.821370926E0,1.631669402E0,1.489900055E2,1.700000048E0,1.150000000E1
7.306794145E1,6.503842000E1,2.555257500E1,7.621374656E0,1.639904976E0,1.488800049E2,1.700000048E0,1.150000000E1
7.406794145E1,6.503840667E1,2.555259167E1,7.621377228E0,1.646596432E0,1.455399933E2,1.700000048E0,1.150000000E1
7.506794145E1,6.503840000E1,2.555261333E1,7.421377239E0,1.664096951E0,1.411600037E2,1.700000048E0,1.210000038E1
7.606794145E1,6.503838667E1,2.555264167E1,7.321378695E0,1.686229944E0,1.436000061E2,1.700000048E0,1.200000000E1
7.706794145E1,6.503837333E1,2.555266833E1,7.521380309E0,1.716083884E0,1.389600067E2,1.600000024E0,1.200000000E1
7.806794145E1,6.503836000E1,2.555270333E1,7.521381126E0,1.737187505E0,1.386199951E2,1.600000024E0,1.200000000E1
7.906794145E1,6.503834667E1,2.555273333E1,7.421382421E0,1.748511434E0,1.464799957E2,1.600000024E0,1.200000000E1
8.006794145E1,6.503833333E1,2.555275000E1,7.021384990E0,1.754173279E0,1.428699951E2,1.600000024E0,1.180000019E1
8.106794145E1,6.503832000E1,2.555277833E1,7.021386443E0,1.798439503E0,1.407299957E2,1.600000024E0,1.200000000E1
8.206794145E1,6.503830333E1,2.555280167E1,7.121389414E0,1.815940022E0,1.388300018E2,1.600000024E0,1.180000019E1
8.306794145E1,6.503829000E1,2.555282833E1,7.121391025E0,1.787115574E0,1.370899963E2,1.600000024E0,1.160000038E1
8.406794145E1,6.503828000E1,2.555284500E1,6.921392552E0,1.750570297E0,1.564100037E2,1.600000024E0,1.169999981E1
8.506794145E1,6.503826667E1,2.555286333E1,6.821394960E0,1.776306391E0,1.377100067E2,1.600000024E0,1.150000000E1
8.606794145E1,6.503825667E1,2.555289167E1,7.121395369E0,1.738731623E0,1.491799927E2,1.600000024E0,1.160000038E1
8.706794145E1,6.503824333E1,2.555290500E1,7.221398255E0,1.641449213E0,1.624299927E2,1.600000024E0,1.130000019E1
8.806794145E1,6.503823167E1,2.555291833E1,6.721400620E0,1.591521144E0,1.453899994E2,1.600000024E0,1.130000019E1
8.906794145E1,6.503821833E1,2.555293833E1,6.421402866E0,1.587403297E0,1.480200043E2,1.700000048E0,1.169999981E1
9.006794145E1,6.503820167E1,2.555296333E1,6.121405674E0,1.586373925E0,1.436100006E2,1.799999952E0,1.219999981E1
9.106794145E1,6.503818667E1,2.555298167E1,5.821408599E0,1.563211441E0,1.526999969E2,1.899999976E0,1.269999981E1
9.206794145E1,6.503817167E1,2.555299167E1,5.621412322E0,1.548799157E0,1.609900055E2,2.000000000E0,1.319999981E1
9.306794145E1,6.503815333E1,2.555300167E1,5.221417085E0,1.610051155E0,1.602700043E2,2.200000048E0,1.350000000E1
9.406794145E1,6.503813667E1,2.555300667E1,4.921421806E0,1.697553873E0,1.625800018E2,2.299999952E0,1.380000019E1
9.506794145E1,6.503812000E1,2.555300500E1,4.821427166E0,1.719172239E0,1.683600006E2,2.500000000E0,1.410000038E1
9.606794145E1,6.503811500E1,2.555304833E1,4.321424574E0,1.770129681E0,9.395999908E1,2.599999905E0,1.419999981E1
9.706794145E1,6.503810167E1,2.555305833E1,3.821427776E0,1.804616094E0,1.006800003E2,2.700000048E0,1.460000038E1
9.806794145E1,6.503809000E1,2.555307167E1,4.921430138E0,1.802042484E0,1.339499969E2,2.400000095E0,1.260000038E1
9.906794145E1,6.503807833E1,2.555310833E1,5.521430263E0,1.769615054E0,1.448600006E2,2.200000048E0,1.260000038E1
1.000679415E2,6.503807333E1,2.555313667E1,5.621429107E0,1.716598630E0,1.353600006E2,2.200000048E0,1.300000000E1
1.010679415E2,6.503806667E1,2.555315167E1,5.721429749E0,1.661523342E0,1.430099945E2,2.200000048E0,1.330000019E1
1.020679415E2,6.503805667E1,2.555317500E1,5.521430631E0,1.612624764E0,1.405299988E2,2.200000048E0,1.310000038E1
1.030679415E2,6.503804833E1,2.555319500E1,5.321431313E0,1.536960602E0,1.424100037E2,2.400000095E0,1.330000019E1
1.040679415E2,6.503803833E1,2.555321333E1,5.021432674E0,1.455634475E0,1.337200012E2,2.500000000E0,1.350000000E1
1.050679415E2,6.503802667E1,2.555322833E1,4.821434874E0,1.383573294E0,1.407700043E2,2.500000000E0,1.369999981E1
1.060679415E2,6.503801833E1,2.555326000E1,4.721434436E0,1.322836161E0,1.446699982E2,2.299999952E0,1.169999981E1
1.070679415E2,6.503800833E1,2.555329833E1,3.721433878E0,1.286290884E0,1.561000061E2,2.099999905E0,1.180000019E1
1.080679415E2,6.503799667E1,2.555334500E1,3.721433040E0,1.281143665E0,1.537599945E2,2.000000000E0,1.169999981E1
1.090679415E2,6.503797333E1,2.555337000E1,3.721437916E0,1.342910290E0,1.426100006E2,1.899999976E0,1.100000000E1
1.100679415E2,6.503795167E1,2.555340000E1,3.721441792E0,1.387691140E0,1.546399994E2,1.899999976E0,1.100000000E1
1.110679415E2,6.503793667E1,2.555343333E1,4.021443269E0,1.434530854E0,1.492100067E2,1.799999952E0,1.100000000E1
1.120679415E2,6.503792000E1,2.555347500E1,4.421444465E0,1.457693338E0,1.493399963E2,1.799999952E0,1.150000000E1
1.130679415E2,6.503790500E1,2.555351167E1,5.321445621E0,1.513283372E0,1.496100006E2,1.700000048E0,1.150000000E1
1.140679415E2,6.503789333E1,2.555354833E1,6.121445737E0,1.554461122E0,1.472899933E2,1.700000048E0,1.200000000E1
1.150679415E2,6.503787833E1,2.555356500E1,6.721448811E0,1.581741333E0,1.492299957E2,1.700000048E0,1.210000038E1
1.160679415E2,6.503786667E1,2.555359000E1,6.721450046E0,1.617771983E0,1.468699951E2,1.799999952E0,1.260000038E1
1.170679415E2,6.503785333E1,2.555361000E1,6.721452279E0,1.674906135E0,1.401399994E2,1.899999976E0,1.289999962E1
1.180679415E2,6.503784500E1,2.555362500E1,6.721453435E0,1.689833045E0,1.410299988E2,2.000000000E0,1.330000019E1
1.190679415E2,6.503783333E1,2.555365000E1,6.821454669E0,1.667700052E0,1.359900055E2,2.000000000E0,1.310000038E1
1.200679415E2,6.503782333E1,2.555367167E1,6.421455703E0,1.669244170E0,1.336699982E2,2.099999905E0,1.319999981E1
1.210679415E2,6.503781167E1,2.555369500E1,6.221457096E0,1.643508077E0,1.407599945E2,2.000000000E0,1.230000019E1
1.220679415E2,6.503779833E1,2.555371500E1,5.821459327E0,1.658434987E0,1.419299927E2,1.899999976E0,1.189999962E1
1.230679415E2,6.503778167E1,2.555374333E1,6.221461796E0,1.658949733E0,1.385500031E2,1.899999976E0,1.169999981E1
1.240679415E2,6.503777167E1,2.555377333E1,6.521462028E0,1.619316101E0,1.536699982E2,1.799999952E0,1.180000019E1
1.250679415E2,6.503776500E1,2.555378667E1,6.221462823E0,1.586888552E0,1.482899933E2,1.799999952E0,1.180000019E1
1.260679415E2,6.503775667E1,2.555380000E1,6.221464136E0,1.582256079E0,1.451499939E2,1.799999952E0,1.189999962E1
1.270679415E2,6.503774167E1,2.555382833E1,6.121466084E0,1.563726068E0,1.432599945E2,1.799999952E0,1.180000019E1
1.280679415E2,6.503772500E1,2.555385333E1,6.621468871E0,1.599756718E0,1.334700012E2,1.700000048E0,1.160000038E1
1.290679415E2,6.503771167E1,2.555387833E1,7.121470619E0,1.593065262E0,1.443200073E2,1.700000048E0,1.150000000E1
1.300679415E2,6.503769833E1,2.555389833E1,7.621472847E0,1.579682469E0,1.424400024E2,1.600000024E0,1.200000000E1
1.310679415E2,6.503768500E1,2.555391500E1,8.221475395E0,1.585859179E0,1.490700073E2,1.600000024E0,1.200000000E1
1.320679415E2,6.503767333E1,2.555394000E1,8.821476623E0,1.569902778E0,1.393800049E2,1.600000024E0,1.219999981E1
1.330679415E2,6.503766167E1,2.555396333E1,9.121478010E0,1.557549477E0,1.493600006E2,1.700000048E0,1.200000000E1
1.340679415E2,6.503764667E1,2.555398000E1,9.321481076E0,1.611080527E0,1.411399994E2,1.700000048E0,1.219999981E1
1.350679415E2,6.503763333E1,2.555399667E1,9.621483623E0,1.657920241E0,1.458699951E2,1.600000024E0,1.200000000E1
1.360679415E2,6.503762333E1,2.555401833E1,9.921484651E0,1.658434987E0,1.449700012E2,1.600000024E0,1.230000019E1
1.370679415E2,6.503761000E1,2.555403333E1,1.012148736E1,1.664611697E0,1.445299988E2,1.600000024E0,1.189999962E1
1.380679415E2,6.503759667E1,2.555405500E1,1.002148942E1,1.640934467E0,1.455700073E2,1.600000024E0,1.219999981E1
1.390679415E2,6.503758333E1,2.555407833E1,9.921491326E0,1.628066421E0,1.437400055E2,1.700000048E0,1.200000000E1
1.400679415E2,6.503757167E1,2.555410167E1,9.821492710E0,1.636301994E0,1.378500061E2,1.700000048E0,1.230000019E1
1.410679415E2,6.503756000E1,2.555412833E1,9.821493774E0,1.653287768E0,1.271399994E2,1.700000048E0,1.189999962E1
1.420679415E2,6.503754500E1,2.555416167E1,1.012149523E1,1.676450253E0,1.476000061E2,1.700000048E0,1.169999981E1
1.430679415E2,6.503753167E1,2.555419000E1,9.921496652E0,1.656890869E0,1.454600067E2,1.700000048E0,1.150000000E1
1.440679415E2,6.503752000E1,2.555421333E1,9.921498035E0,1.621889710E0,1.402400055E2,1.600000024E0,1.150000000E1
1.450679415E2,6.503751000E1,2.555423333E1,9.821499220E0,1.617257237E0,1.469700012E2,1.600000024E0,1.150000000E1
1.460679415E2,6.503749667E1,2.555425333E1,9.821501441E0,1.620345592E0,1.684199982E2,1.600000024E0,1.160000038E1
1.470679415E2,6.503748333E1,2.555425833E1,9.821505106E0,1.606448054E0,1.506999969E2,1.700000048E0,1.169999981E1
1.480679415E2,6.503747000E1,2.555426667E1,1.052150845E1,1.588947535E0,2.003500061E2,1.600000024E0,1.160000038E1
1.490679415E2,6.503745667E1,2.555425333E1,1.122151388E1,1.607477546E0,2.273200073E2,1.600000024E0,1.150000000E1
1.500679415E2,6.503744167E1,2.555423167E1,1.182152063E1,1.608506918E0,2.333999939E2,1.600000024E0,1.139999962E1
1.510679415E2,6.503743000E1,2.555420000E1,1.202152732E1,1.627551675E0,2.339600067E2,1.700000048E0,1.150000000E1
1.520679415E2,6.503742000E1,2.555416500E1,1.212153380E1,1.578653097E0,2.405299988E2,1.700000048E0,1.160000038E1
1.530679415E2,6.503740833E1,2.555413667E1,1.222154016E1,1.592035890E0,2.352899933E2,1.700000048E0,1.169999981E1
1.540679415E2,6.503739667E1,2.555410000E1,1.212154732E1,1.648140550E0,2.271399994E2,1.700000048E0,1.150000000E1
1.550679415E2,6.503738500E1,2.555406167E1,1.182155465E1,1.633213639E0,2.358099976E2,1.700000048E0,1.110000038E1
1.560679415E2,6.503737500E1,2.555402667E1,1.172156113E1,1.599756718E0,2.451799927E2,1.700000048E0,1.089999962E1
1.570679415E2,6.503736333E1,2.555399500E1,1.172156782E1,1.624463320E0,2.418800049E2,1.600000024E0,1.110000038E1
1.580679415E2,6.503735000E1,2.555396667E1,1.172157470E1,1.651228905E0,2.483999939E2,1.700000048E0,1.089999962E1
1.590679415E2,6.503734167E1,2.555393167E1,1.162158067E1,1.667185307E0,2.402299957E2,1.700000048E0,1.100000000E1
1.600679415E2,6.503732833E1,2.555389500E1,1.172158835E1,1.675935507E0,2.317799988E2,1.600000024E0,1.089999962E1
1.610679415E2,6.503732000E1,2.555387500E1,1.192159288E1,1.634757757E0,2.441799927E2,1.600000024E0,1.089999962E1
1.620679415E2,6.503731000E1,2.555385333E1,1.212159808E1,1.663067460E0,2.340899963E2,1.600000024E0,1.100000000E1
1.630679415E2,6.503729667E1,2.555382500E1,1.242160496E1,1.665641069E0,2.304199982E2,1.600000024E0,1.100000000E1
1.640679415E2,6.503728833E1,2.555379833E1,1.252161013E1,1.601300836E0,2.380800018E2,1.600000024E0,1.119999981E1
1.650679415E2,6.503727667E1,2.555376833E1,1.202161666E1,1.602844954E0,2.397700043E2,1.600000024E0,1.150000000E1
1.660679415E2,6.503726833E1,2.555373167E1,1.172162279E1,1.634243011E0,2.387400055E2,1.700000048E0,1.130000019E1
1.670679415E2,6.503725667E1,2.555370000E1,1.142162948E1,1.608506918E0,2.533500061E2,1.700000048E0,1.119999981E1
1.680679415E2,6.503725000E1,2.555366167E1,1.092163526E1,1.631154776E0,2.397299957E2,1.700000048E0,1.130000019E1
1.690679415E2,6.503723333E1,2.555363667E1,1.062164286E1,1.631154776E0,2.315299988E2,1.700000048E0,1.150000000E1
1.700679415E2,6.503721667E1,2.555361000E1,1.062165063E1,1.636301994E0,2.386999969E2,1.700000048E0,1.139999962E1
1.710679415E2,6.503721000E1,2.555358333E1,1.112165528E1,1.636816621E0,2.331399994E2,1.700000048E0,1.169999981E1
1.720679415E2,6.503720333E1,2.555356833E1,1.172165880E1,1.616742492E0,2.236999969E2,1.700000048E0,1.160000038E1
1.730679415E2,6.503719333E1,2.555355167E1,1.192166353E1,1.628066421E0,2.212400055E2,1.700000048E0,1.160000038E1
1.740679415E2,6.503717333E1,2.555352500E1,1.152167233E1,1.659979224E0,2.248899994E2,1.700000048E0,1.169999981E1
1.750679415E2,6.503715833E1,2.555349667E1,1.142167974E1,1.671817780E0,2.326399994E2,1.700000048E0,1.169999981E1
1.760679415E2,6.503715500E1,2.555347167E1,1.132168320E1,1.668729424E0,2.403000031E2,1.700000048E0,1.189999962E1
1.770679415E2,6.503714667E1,2.555344500E1,1.142168837E1,1.715569139E0,2.268399963E2,1.700000048E0,1.180000019E1
1.780679415E2,6.503713833E1,2.555341333E1,1.152169403E1,1.693950891E0,2.335899963E2,1.700000048E0,1.169999981E1
1.790679415E2,6.503712500E1,2.555338833E1,1.182170060E1,1.678509116E0,2.306499939E2,1.700000048E0,1.180000019E1
1.800679415E2,6.503711333E1,2.555335667E1,1.182170729E1,1.663067460E0,2.306300049E2,1.700000048E0,1.210000038E1
1.810679415E2,6.503710333E1,2.555333167E1,1.192171283E1,1.681597471E0,2.193899994E2,1.700000048E0,1.180000019E1
1.820679415E2,6.503709000E1,2.555331000E1,1.242171908E1,1.720201612E0,2.176999969E2,1.700000048E0,1.180000019E1
1.830679415E2,6.503708167E1,2.555327500E1,1.282172506E1,1.692921400E0,2.261199951E2,1.700000048E0,1.150000000E1
1.840679415E2,6.503707333E1,2.555325167E1,1.312172991E1,1.665126443E0,2.328699951E2,1.700000048E0,1.180000019E1
1.850679415E2,6.503706167E1,2.555322500E1,1.302173612E1,1.652773023E0,2.397700043E2,1.700000048E0,1.160000038E1
1.860679415E2,6.503705500E1,2.555319833E1,1.292174078E1,1.651228905E0,2.314499969E2,1.700000048E0,1.100000000E1
1.870679415E2,6.503704667E1,2.555317167E1,1.262174596E1,1.618286610E0,2.359499969E2,1.600000024E0,1.080000019E1
1.880679415E2,6.503703667E1,2.555314833E1,1.222175133E1,1.609021664E0,2.227599945E2,1.700000048E0,1.100000000E1
1.890679415E2,6.503702333E1,2.555312167E1,1.202175807E1,1.638360858E0,2.117400055E2,1.700000048E0,1.089999962E1
1.900679415E2,6.503700833E1,2.555309833E1,1.242176500E1,1.641963840E0,2.226900024E2,1.700000048E0,1.089999962E1
1.910679415E2,6.503699167E1,2.555307833E1,1.242177214E1,1.635787249E0,2.113399963E2,1.700000048E0,1.110000038E1
1.920679415E2,6.503697667E1,2.555306000E1,1.262177859E1,1.578653097E0,2.175599976E2,1.700000048E0,1.100000000E1
1.930679415E2,6.503696333E1,2.555304333E1,1.282178436E1,1.582770824E0,2.208999939E2,1.700000048E0,1.089999962E1
1.940679415E2,6.503695500E1,2.555300833E1,1.282179035E1,1.595638871E0,2.429400024E2,1.700000048E0,1.100000000E1
1.950679415E2,6.503694667E1,2.555297333E1,1.302179633E1,1.599756718E0,2.382700043E2,1.700000048E0,1.089999962E1
1.960679415E2,6.503693500E1,2.555294333E1,1.272180288E1,1.628066421E0,2.184799957E2,1.700000048E0,1.089999962E1
1.970679415E2,6.503692000E1,2.555291833E1,1.272180998E1,1.669758916E0,2.146300049E2,1.700000048E0,1.119999981E1
1.980679415E2,6.503690667E1,2.555289333E1,1.252181656E1,1.649170041E0,2.253099976E2,1.700000048E0,1.119999981E1
1.990679415E2,6.503689667E1,2.555286333E1,1.202182258E1,1.600271344E0,2.277500000E2,1.700000048E0,1.139999962E1
2.000679415E2,6.503688667E1,2.555283167E1,1.202182877E1,1.577108860E0,2.413899994E2,1.700000048E0,1.119999981E1
2.010679415E2,6.503687167E1,2.555280667E1,1.192183587E1,1.598212481E0,2.304400024E2,1.700000048E0,1.119999981E1
2.020679415E2,6.503686000E1,2.555277500E1,1.192184258E1,1.644022822E0,2.363800049E2,1.700000048E0,1.150000000E1
2.030679415E2,6.503684667E1,2.555274833E1,1.182184932E1,1.646081686E0,2.319499969E2,1.600000024E0,1.150000000E1
2.040679415E2,6.503683500E1,2.555272000E1,1.182185571E1,1.679538608E0,2.155399933E2,1.600000024E0,1.139999962E1
2.050679415E2,6.503682500E1,2.555269333E1,1.182186141E1,1.683141708E0,2.338500061E2,1.700000048E0,1.160000038E1
2.060679415E2,6.503681667E1,2.555265833E1,1.162186740E1,1.675420880E0,2.347700043E2,1.600000024E0,1.150000000E1
2.070679415E2,6.503681000E1,2.555262833E1,1.142187239E1,1.641963840E0,2.371399994E2,1.700000048E0,1.160000038E1
2.080679415E2,6.503680167E1,2.555259667E1,1.112187806E1,1.676964998E0,2.403300018E2,1.600000024E0,1.139999962E1
2.090679415E2,6.503679500E1,2.555256167E1,1.082188353E1,1.715054393E0,2.447700043E2,1.600000024E0,1.139999962E1
2.100679415E2,6.503678333E1,2.555253167E1,1.082189008E1,1.759835243E0,2.358200073E2,1.700000048E0,1.119999981E1
2.110679415E2,6.503677833E1,2.555249833E1,1.032189487E1,1.757776380E0,2.406699982E2,1.600000024E0,1.100000000E1
2.120679415E2,6.503677167E1,2.555246333E1,1.012190035E1,1.785056710E0,2.373899994E2,1.500000000E0,1.100000000E1
2.130679415E2,6.503676167E1,2.555242333E1,1.012190735E1,1.833440542E0,2.262700043E2,1.500000000E0,1.100000000E1
2.140679415E2,6.503675167E1,2.555238833E1,9.921913864E0,1.808219194E0,2.345399933E2,1.600000024E0,1.100000000E1
2.150679415E2,6.503674500E1,2.555235500E1,9.821919177E0,1.785571337E0,2.430500031E2,1.700000048E0,1.080000019E1
2.160679415E2,6.503673667E1,2.555232333E1,1.012192485E1,1.784541965E0,2.366100006E2,1.700000048E0,1.100000000E1
2.170679415E2,6.503673167E1,2.555228667E1,9.821929967E0,1.806674957E0,2.393899994E2,1.700000048E0,1.119999981E1
2.180679415E2,6.503672333E1,2.555225500E1,9.721935640E0,1.786600828E0,2.477500000E2,1.799999952E0,1.169999981E1
2.190679415E2,6.503671667E1,2.555222333E1,9.621940794E0,1.780938864E0,2.354900055E2,1.899999976E0,1.200000000E1
2.200679415E2,6.503671167E1,2.555219167E1,9.521945426E0,1.798954129E0,2.346600037E2,2.000000000E0,1.230000019E1
2.210679415E2,6.503670500E1,2.555215833E1,9.421950742E0,1.805645585E0,2.388600006E2,2.099999905E0,1.239999962E1
2.220679415E2,6.503670000E1,2.555213000E1,9.321955051E0,1.787115574E0,2.499900055E2,2.099999905E0,1.269999981E1
2.230679415E2,6.503668833E1,2.555211000E1,9.121960639E0,1.717113376E0,2.369700012E2,2.099999905E0,1.269999981E1
2.240689415E2,6.503668167E1,2.555208833E1,8.521964824E0,1.672332525E0,2.483899994E2,2.000000000E0,1.300000000E1
2.250689415E2,6.503667167E1,2.555206333E1,8.221970375E0,1.687259436E0,2.459799957E2,1.899999976E0,1.330000019E1
2.260689415E2,6.503666167E1,2.555203500E1,8.021976250E0,1.649170041E0,2.485200043E2,1.799999952E0,1.160000038E1
2.270689415E2,6.503665333E1,2.555199000E1,7.921983221E0,1.611595273E0,2.265899963E2,1.700000048E0,1.110000038E1
2.280689415E2,6.503664167E1,2.555194500E1,7.921991234E0,1.646596432E0,2.291000061E2,1.700000048E0,1.119999981E1
2.290689415E2,6.503662667E1,2.555189833E1,8.222000453E0,1.645566940E0,2.397700043E2,1.700000048E0,1.130000019E1
2.300689415E2,6.503661500E1,2.555185500E1,8.122008307E0,1.626007557E0,2.397100067E2,1.700000048E0,1.150000000E1
2.310689415E2,6.503660667E1,2.555181000E1,8.122015280E0,1.618286610E0,2.370599976E2,1.600000024E0,1.139999962E1
2.320689415E2,6.503659833E1,2.555176500E1,8.322022254E0,1.622404456E0,2.441199951E2,1.600000024E0,1.139999962E1
2.330689415E2,6.503659167E1,2.555172167E1,8.222028545E0,1.659464478E0,2.382700043E2,1.600000024E0,1.139999962E1
2.340689415E2,6.503658333E1,2.555169000E1,8.422034226E0,1.697553873E0,2.401499939E2,1.700000048E0,1.160000038E1
2.350689415E2,6.503657333E1,2.555166167E1,8.422040106E0,1.703215837E0,2.283600006E2,1.700000048E0,1.139999962E1
2.360689415E2,6.503655167E1,2.555163167E1,8.922049801E0,1.726378322E0,2.247200012E2,1.700000048E0,1.169999981E1
2.370689415E2,6.503653500E1,2.555159833E1,9.422058255E0,1.752114415E0,2.372799988E2,1.799999952E0,1.169999981E1
2.380689415E2,6.503651833E1,2.555157667E1,9.322065577E0,1.746452451E0,2.221699982E2,1.700000048E0,1.180000019E1
2.390689415E2,6.503649667E1,2.555155667E1,9.922074304E0,1.729466677E0,2.246499939E2,1.799999952E0,1.180000019E1
2.400689415E2,6.503649000E1,2.555152667E1,9.822079305E0,1.720201612E0,2.231399994E2,1.700000048E0,1.169999981E1
2.410689415E2,6.503647000E1,2.555151333E1,1.022208686E1,1.719172239E0,2.079900055E2,1.799999952E0,1.119999981E1
2.420689415E2,6.503644833E1,2.555150333E1,1.122209462E1,1.743878841E0,2.020899963E2,1.799999952E0,1.130000019E1
2.430689415E2,6.503642667E1,2.555150167E1,1.212210157E1,1.744908333E0,2.106499939E2,1.799999952E0,1.119999981E1
2.440689415E2,6.503641000E1,2.555149667E1,1.242210727E1,1.733584404E0,2.377700043E2,1.799999952E0,1.150000000E1
2.450689415E2,6.503639000E1,2.555149167E1,1.322211403E1,1.738731623E0,2.322799988E2,1.799999952E0,1.130000019E1
2.460689415E2,6.503637500E1,2.555148833E1,1.362211905E1,1.745937824E0,2.137100067E2,1.799999952E0,1.130000019E1
2.470689415E2,6.503635833E1,2.555148500E1,1.402212459E1,1.706304193E0,2.184100037E2,1.799999952E0,1.160000038E1
2.480689415E2,6.503634333E1,2.555148667E1,1.442212913E1,1.666670561E0,2.082899933E2,1.799999952E0,1.139999962E1
2.490689415E2,6.503632167E1,2.555148500E1,1.462213608E1,1.682626963E0,2.005899963E2,1.700000048E0,1.150000000E1
2.500689415E2,6.503630667E1,2.555147333E1,1.472214191E1,1.695495009E0,2.063300018E2,1.700000048E0,1.150000000E1
2.510689415E2,6.503629167E1,2.555145667E1,1.452214823E1,1.663067460E0,2.249600067E2,1.799999952E0,1.119999981E1
2.520689415E2,6.503628167E1,2.555143833E1,1.472215314E1,1.566299677E0,2.268600006E2,1.700000048E0,1.100000000E1
2.530689415E2,6.503626500E1,2.555143000E1,1.532215918E1,1.541593075E0,2.215200043E2,1.700000048E0,1.130000019E1
2.540689415E2,6.503624833E1,2.555142000E1,1.592216537E1,1.558578849E0,2.266000061E2,1.700000048E0,1.119999981E1
2.550689415E2,6.503623667E1,2.555140167E1,1.662217081E1,1.553431630E0,2.339100037E2,1.799999952E0,1.139999962E1
2.560689415E2,6.503622833E1,2.555137333E1,1.692217618E1,1.549828649E0,2.349900055E2,1.700000048E0,1.139999962E1
2.570689415E2,6.503622167E1,2.555133667E1,1.702218183E1,1.605418563E0,2.321600037E2,1.799999952E0,1.119999981E1
2.580689415E2,6.503621000E1,2.555130000E1,1.712218906E1,1.630125284E0,2.330700073E2,1.799999952E0,1.150000000E1
2.590689415E2,6.503620000E1,2.555126167E1,1.682219592E1,1.626007557E0,2.379199982E2,1.799999952E0,1.130000019E1
2.600689415E2,6.503619333E1,2.555122667E1,1.712220142E1,1.589462280E0,2.469400024E2,1.799999952E0,1.130000019E1
2.610689415E2,6.503618167E1,2.555119833E1,1.772220783E1,1.633213639E0,2.343500061E2,1.799999952E0,1.150000000E1
2.620689415E2,6.503617167E1,2.555116500E1,1.842221421E1,1.705789447E0,2.384299927E2,1.799999952E0,1.119999981E1
2.630689415E2,6.503615833E1,2.555113167E1,1.842222164E1,1.704759955E0,2.464400024E2,1.799999952E0,1.110000038E1
2.640689415E2,6.503615000E1,2.555110167E1,1.812222717E1,1.650199413E0,2.548399963E2,1.700000048E0,1.119999981E1
2.650689415E2,6.503614000E1,2.555108167E1,1.822223225E1,1.622404456E0,2.438699951E2,1.700000048E0,1.089999962E1
2.660689415E2,6.503613500E1,2.555104667E1,1.792223723E1,1.632698894E0,2.421499939E2,1.700000048E0,1.100000000E1
2.670689415E2,6.503612667E1,2.555101000E1,1.732224341E1,1.614683628E0,2.395500031E2,1.600000024E0,1.089999962E1
2.680689415E2,6.503611833E1,2.555097500E1,1.692224944E1,1.591006398E0,2.526399994E2,1.700000048E0,1.080000019E1
2.690689415E2,6.503611167E1,2.555093167E1,1.672225575E1,1.595124125E0,2.424799957E2,1.700000048E0,1.119999981E1
2.700689415E2,6.503610000E1,2.555090000E1,1.632226249E1,1.653287768E0,2.284199982E2,1.600000024E0,1.130000019E1
2.710689415E2,6.503608500E1,2.555087167E1,1.652226996E1,1.634757757E0,2.331999969E2,1.700000048E0,1.139999962E1
2.720689415E2,6.503607667E1,2.555084167E1,1.642227549E1,1.618801355E0,2.424199982E2,1.700000048E0,1.130000019E1
2.730689415E2,6.503607000E1,2.555080833E1,1.592228083E1,1.634243011E0,2.378099976E2,1.700000048E0,1.139999962E1
2.740689415E2,6.503606000E1,2.555077000E1,1.572228771E1,1.706818938E0,2.366999969E2,1.700000048E0,1.150000000E1
2.750689415E2,6.503605000E1,2.555074167E1,1.562229361E1,1.753658652E0,2.313200073E2,1.700000048E0,1.150000000E1
2.760689415E2,6.503603500E1,2.555071833E1,1.522230059E1,1.721745849E0,2.373099976E2,1.700000048E0,1.169999981E1
2.770689415E2,6.503602333E1,2.555070000E1,1.472230604E1,1.738216996E0,2.249199982E2,1.700000048E0,1.150000000E1
2.780689415E2,6.503601500E1,2.555066167E1,1.472231239E1,1.776306391E0,2.317799988E2,1.700000048E0,1.160000038E1
2.790689415E2,6.503600500E1,2.555062167E1,1.482231943E1,1.754688025E0,2.364700012E2,1.700000048E0,1.139999962E1
2.800689415E2,6.503599833E1,2.555058500E1,1.492232509E1,1.689833045E0,2.461699982E2,1.700000048E0,1.150000000E1
2.810689415E2,6.503599000E1,2.555055167E1,1.452233096E1,1.700127482E0,2.372299957E2,1.700000048E0,1.150000000E1
2.820689415E2,6.503597833E1,2.555052500E1,1.442233722E1,1.741305232E0,2.216699982E2,1.700000048E0,1.130000019E1
2.830689415E2,6.503596167E1,2.555049167E1,1.462234571E1,1.771159172E0,2.235500031E2,1.700000048E0,1.119999981E1
2.840689415E2,6.503594833E1,2.555046667E1,1.462235233E1,1.748511434E0,2.402100067E2,1.799999952E0,1.139999962E1
2.850689415E2,6.503594167E1,2.555043667E1,1.532235735E1,1.729466677E0,2.335899963E2,1.799999952E0,1.150000000E1
2.860689415E2,6.503593333E1,2.555040833E1,1.562236273E1,1.771673918E0,2.397899933E2,1.700000048E0,1.130000019E1
2.870689415E2,6.503592500E1,2.555037333E1,1.502236876E1,1.775791645E0,2.313200073E2,1.600000024E0,1.160000038E1
2.880689415E2,6.503591333E1,2.555034000E1,1.482237568E1,1.734613895E0,2.402400055E2,1.700000048E0,1.150000000E1
2.890689415E2,6.503590833E1,2.555030333E1,1.452238083E1,1.743878841E0,2.369600067E2,1.600000024E0,1.119999981E1
2.900689415E2,6.503590000E1,2.555026667E1,1.432238702E1,1.785571337E0,2.385899963E2,1.600000024E0,1.139999962E1
2.910689415E2,6.503589000E1,2.555023500E1,1.372239325E1,1.803071976E0,2.218600006E2,1.700000048E0,1.130000019E1
2.920689415E2,6.503587833E1,2.555020667E1,1.342239968E1,1.768070817E0,2.247899933E2,1.700000048E0,1.160000038E1
2.930689415E2,6.503586667E1,2.555017833E1,1.332240612E1,1.736672759E0,2.356499939E2,1.600000024E0,1.169999981E1
2.940689415E2,6.503585833E1,2.555014333E1,1.312241215E1,1.749026060E0,2.356499939E2,1.600000024E0,1.139999962E1
2.950689415E2,6.503585000E1,2.555011167E1,1.292241786E1,1.770129681E0,2.348999939E2,1.500000000E0,1.130000019E1
2.960689415E2,6.503584333E1,2.555008167E1,1.262242288E1,1.746452451E0,2.239600067E2,1.500000000E0,1.139999962E1
2.970689415E2,6.503583333E1,2.555005667E1,1.252242847E1,1.722775221E0,2.348399963E2,1.500000000E0,1.139999962E1
2.980689415E2,6.503582500E1,2.555002667E1,1.262243402E1,1.744908333E0,2.353999939E2,1.500000000E0,1.139999962E1
2.990689415E2,6.503581667E1,2.554999500E1,1.262243973E1,1.755717516E0,2.307299957E2,1.500000000E0,1.130000019E1
3.000689415E2,6.503580500E1,2.554996667E1,1.282244616E1,1.741305232E0,2.281100006E2,1.600000024E0,1.139999962E1
3.010689415E2,6.503579167E1,2.554993667E1,1.302245328E1,1.726893067E0,2.319600067E2,1.700000048E0,1.150000000E1
3.020689415E2,6.503578500E1,2.554990167E1,1.362245880E1,1.736672759E0,2.353999939E2,1.700000048E0,1.169999981E1
3.030689415E2,6.503577500E1,2.554986667E1,1.372246536E1,1.774247527E0,2.328200073E2,1.600000024E0,1.110000038E1
3.040689415E2,6.503576333E1,2.554983333E1,1.432247229E1,1.762408853E0,2.337799988E2,1.700000048E0,1.089999962E1
3.050689415E2,6.503575167E1,2.554980500E1,1.472247872E1,1.738731623E0,2.352299957E2,1.700000048E0,1.110000038E1
3.060689415E2,6.503574167E1,2.554977667E1,1.482248464E1,1.762923598E0,2.329100037E2,1.700000048E0,1.119999981E1
3.070689415E2,6.503573167E1,2.554973667E1,1.452249169E1,1.768585563E0,2.354499969E2,1.700000048E0,1.119999981E1
3.080689415E2,6.503573167E1,2.554968833E1,1.412249641E1,1.772703290E0,2.517400055E2,1.700000048E0,1.119999981E1
3.090689415E2,6.503572833E1,2.554964500E1,1.382250170E1,1.768585563E0,2.379199982E2,1.700000048E0,1.150000000E1
3.100689415E2,6.503572167E1,2.554961000E1,1.342250721E1,1.793292165E0,2.353800049E2,1.600000024E0,1.139999962E1
3.110689415E2,6.503571500E1,2.554956667E1,1.342251355E1,1.807704449E0,2.318899994E2,1.600000024E0,1.100000000E1
3.120689415E2,6.503570500E1,2.554953167E1,1.342252011E1,1.811307549E0,2.357100067E2,1.600000024E0,1.100000000E1
3.130689415E2,6.503570000E1,2.554949500E1,1.362252527E1,1.771159172E0,2.372200012E2,1.500000000E0,1.119999981E1
3.140689415E2,6.503569333E1,2.554946833E1,1.402252998E1,1.780424118E0,2.366399994E2,1.600000024E0,1.110000038E1
3.150689415E2,6.503568167E1,2.554944333E1,1.462253609E1,1.796895266E0,2.354299927E2,1.700000048E0,1.080000019E1
3.160689415E2,6.503567500E1,2.554941333E1,1.482254112E1,1.805130839E0,2.352200012E2,1.700000048E0,1.089999962E1
3.170689415E2,6.503566500E1,2.554938000E1,1.512254753E1,1.809248567E0,2.340700073E2,1.700000048E0,1.110000038E1
3.180689415E2,6.503565000E1,2.554935000E1,1.512255519E1,1.810792804E0,2.289900055E2,1.700000048E0,1.089999962E1
3.190689415E2,6.503563667E1,2.554931667E1,1.572256265E1,1.810792804E0,2.339100037E2,1.700000048E0,1.130000019E1
3.200689415E2,6.503562167E1,2.554929500E1,1.602256949E1,1.776821136E0,2.297799988E2,1.700000048E0,1.130000019E1
3.210689415E2,6.503561333E1,2.554926833E1,1.632257472E1,1.763438344E0,2.335200043E2,1.700000048E0,1.110000038E1
3.220689415E2,6.503560667E1,2.554923167E1,1.672258041E1,1.766526699E0,2.241000061E2,1.700000048E0,1.089999962E1
3.230689415E2,6.503560000E1,2.554920833E1,1.712258479E1,1.773732781E0,2.291499939E2,1.700000048E0,1.080000019E1
3.240689415E2,6.503559000E1,2.554919000E1,1.802258973E1,1.757261634E0,2.416900024E2,1.700000048E0,1.100000000E1
3.250689415E2,6.503558500E1,2.554916667E1,1.882259359E1,1.739246368E0,2.315899963E2,1.700000048E0,1.089999962E1
3.260689415E2,6.503557667E1,2.554914167E1,1.922259866E1,1.743878841E0,2.300899963E2,1.600000024E0,1.060000038E1
3.270689415E2,6.503556500E1,2.554910667E1,1.932260576E1,1.743364215E0,2.261799927E2,1.700000048E0,1.050000000E1
3.280689415E2,6.503555833E1,2.554907000E1,1.892261145E1,1.746452451E0,2.379199982E2,1.700000048E0,1.089999962E1
3.290689415E2,6.503555167E1,2.554903333E1,1.862261714E1,1.747481942E0,2.414900055E2,1.700000048E0,1.080000019E1
3.300689415E2,6.503554333E1,2.554899833E1,1.862262319E1,1.769615054E0,2.411000061E2,1.600000024E0,1.069999981E1
3.310689415E2,6.503553500E1,2.554896333E1,1.862262924E1,1.762408853E0,2.275800018E2,1.700000048E0,1.060000038E1
3.320689415E2,6.503552667E1,2.554893500E1,1.862263464E1,1.746452451E0,2.355099945E2,1.700000048E0,1.069999981E1
3.330689415E2,6.503552000E1,2.554890333E1,1.842263984E1,1.723804712E0,2.424100037E2,1.700000048E0,1.069999981E1
3.340689415E2,6.503551500E1,2.554887167E1,1.832264452E1,1.745423079E0,2.344400024E2,1.600000024E0,1.069999981E1
3.350689415E2,6.503550500E1,2.554883833E1,1.802265093E1,1.787115574E0,2.388699951E2,1.600000024E0,1.080000019E1
3.360689415E2,6.503549333E1,2.554880500E1,1.782265787E1,1.768070817E0,2.404900055E2,1.700000048E0,1.060000038E1
3.370689415E2,6.503548167E1,2.554877500E1,1.792266449E1,1.773218036E0,2.289600067E2,1.700000048E0,1.089999962E1
3.380689415E2,6.503546833E1,2.554874500E1,1.772267163E1,1.803071976E0,2.303800049E2,1.700000048E0,1.119999981E1
3.390689415E2,6.503545333E1,2.554871667E1,1.752267914E1,1.816969395E0,2.318600006E2,1.700000048E0,1.130000019E1
3.400689415E2,6.503544167E1,2.554868667E1,1.752268575E1,1.808219194E0,2.345599976E2,1.700000048E0,1.110000038E1
3.410689415E2,6.503543333E1,2.554865667E1,1.762269132E1,1.785056710E0,2.388300018E2,1.600000024E0,1.119999981E1
3.420689415E2,6.503542500E1,2.554863000E1,1.762269656E1,1.781968355E0,2.284299927E2,1.600000024E0,1.119999981E1
3.430689415E2,6.503541333E1,2.554860667E1,1.772270253E1,1.824690223E0,2.203999939E2,1.600000024E0,1.130000019E1
3.440689415E2,6.503540333E1,2.554858333E1,1.802270797E1,1.815425277E0,2.356900024E2,1.600000024E0,1.089999962E1
3.450689415E2,6.503539500E1,2.554855167E1,1.812271370E1,1.789174438E0,2.335800018E2,1.700000048E0,1.130000019E1
3.460689415E2,6.503538667E1,2.554851500E1,1.832271992E1,1.781968355E0,2.383699951E2,1.700000048E0,1.080000019E1
3.470689415E2,6.503537833E1,2.554847833E1,1.812272615E1,1.782483101E0,2.382899933E2,1.700000048E0,1.069999981E1
3.480689415E2,6.503536833E1,2.554844167E1,1.752273289E1,1.785056710E0,2.316300049E2,1.600000024E0,1.060000038E1
3.490689415E2,6.503535667E1,2.554841167E1,1.722273952E1,1.749026060E0,2.313899994E2,1.500000000E0,1.050000000E1
3.500689415E2,6.503534833E1,2.554838167E1,1.692274509E1,1.742849469E0,2.369400024E2,1.500000000E0,1.019999981E1
3.510689415E2,6.503534000E1,2.554835500E1,1.652275033E1,1.754688025E0,2.356699982E2,1.500000000E0,1.019999981E1
3.520689415E2,6.503533000E1,2.554832500E1,1.632275643E1,1.789174438E0,2.253500061E2,1.500000000E0,1.010000038E1
3.530689415E2,6.503531833E1,2.554829167E1,1.612276338E1,1.771159172E0,2.305599976E2,1.600000024E0,1.030000019E1
3.540689415E2,6.503530833E1,2.554826000E1,1.632276964E1,1.778880000E0,2.392100067E2,1.700000048E0,9.899999619E0
3.550689415E2,6.503529833E1,2.554822833E1,1.632277590E1,1.780424118E0,2.355800018E2,1.700000048E0,1.010000038E1
3.560689415E2,6.503528833E1,2.554819000E1,1.622278282E1,1.794836402E0,2.351999969E2,1.700000048E0,1.000000000E1
3.570689415E2,6.503527833E1,2.554815833E1,1.632278909E1,1.789174438E0,2.369299927E2,1.700000048E0,1.010000038E1
3.580689415E2,6.503526667E1,2.554813000E1,1.632279555E1,1.752629161E0,2.360700073E2,1.700000048E0,1.019999981E1
3.590689415E2,6.503526167E1,2.554810500E1,1.652279958E1,1.760864735E0,2.364900055E2,1.700000048E0,1.050000000E1
3.600689415E2,6.503525667E1,2.554807667E1,1.692280394E1,1.753658652E0,2.487899933E2,1.700000048E0,1.039999962E1
3.610689415E2,6.503525000E1,2.554805000E1,1.732280866E1,1.764982462E0,2.366999969E2,1.700000048E0,1.050000000E1
3.620689415E2,6.503524000E1,2.554802333E1,1.762281444E1,1.752629161E0,2.288000031E2,1.600000024E0,1.050000000E1
3.630689415E2,6.503522500E1,2.554800333E1,1.792282114E1,1.751085043E0,2.269299927E2,1.500000000E0,1.010000038E1
3.640689415E2,6.503521167E1,2.554798000E1,1.802282764E1,1.754688025E0,2.325599976E2,1.500000000E0,1.010000038E1
3.650689415E2,6.503520333E1,2.554795167E1,1.792283305E1,1.750055552E0,2.329299927E2,1.500000000E0,1.010000038E1
3.660689415E2,6.503519500E1,2.554792500E1,1.782283830E1,1.737187505E0,2.350899963E2,1.399999976E0,9.899999619E0
3.670689415E2,6.503518500E1,2.554790000E1,1.792284392E1,1.750570297E0,2.294400024E2,1.500000000E0,9.899999619E0
3.680689415E2,6.503517500E1,2.554787000E1,1.782285002E1,1.745423079E0,2.384900055E2,1.500000000E0,1.000000000E1
3.690689415E2,6.503516833E1,2.554784500E1,1.782285458E1,1.727407813E0,2.359400024E2,1.600000024E0,1.000000000E1
3.700689415E2,6.503516167E1,2.554781833E1,1.772285931E1,1.707333565E0,2.412799988E2,1.500000000E0,1.039999962E1
3.710689415E2,6.503515667E1,2.554779333E1,1.752286334E1,1.676964998E0,2.411499939E2,1.500000000E0,1.069999981E1
3.720689415E2,6.503514667E1,2.554776667E1,1.752286912E1,1.662038088E0,2.330800018E2,1.600000024E0,1.030000019E1
3.730689415E2,6.503513667E1,2.554774000E1,1.732287490E1,1.670788288E0,2.299199982E2,1.600000024E0,1.050000000E1
3.740689415E2,6.503512667E1,2.554771333E1,1.722288068E1,1.645566940E0,2.361699982E2,1.700000048E0,1.100000000E1
3.750689415E2,6.503511667E1,2.554768500E1,1.722288662E1,1.635272503E0,2.255700073E2,1.700000048E0,1.080000019E1
3.760689415E2,6.503511167E1,2.554766500E1,1.732289017E1,1.636816621E0,2.255500031E2,1.700000048E0,1.019999981E1
3.770689415E2,6.503510333E1,2.554763833E1,1.712289542E1,1.606448054E0,2.238500061E2,1.700000048E0,1.050000000E1
3.780689415E2,6.503509667E1,2.554762000E1,1.702289933E1,1.579167724E0,2.166999969E2,1.700000048E0,1.069999981E1
3.790689415E2,6.503508667E1,2.554759833E1,1.722290462E1,1.581226707E0,2.160099945E2,1.700000048E0,1.130000019E1
3.800689415E2,6.503507667E1,2.554757833E1,1.712290975E1,1.593065262E0,2.088999939E2,1.700000048E0,1.100000000E1
3.810689415E2,6.503506667E1,2.554757000E1,1.722291373E1,1.598212481E0,1.987200012E2,1.700000048E0,1.089999962E1
3.820689415E2,6.503505667E1,2.554756333E1,1.732291755E1,1.525121927E0,2.076600037E2,1.799999952E0,1.139999962E1
3.830689415E2,6.503504833E1,2.554755500E1,1.742292101E1,1.437619209E0,2.143999939E2,1.799999952E0,1.089999962E1
3.840689415E2,6.503504333E1,2.554755833E1,1.742292226E1,1.380485058E0,2.288000031E2,1.799999952E0,1.089999962E1
3.850689415E2,6.503503833E1,2.554754833E1,1.732292482E1,1.298644185E0,2.191499939E2,1.799999952E0,1.119999981E1
3.860689415E2,6.503502667E1,2.554756333E1,1.732292704E1,1.194670320E0,2.198300018E2,1.700000048E0,1.039999962E1
3.870689415E2,6.503502833E1,2.554756667E1,1.762292619E1,1.049518585E0,2.482700043E2,1.600000024E0,1.010000038E1
3.880689415E2,6.503502667E1,2.554756500E1,1.812292688E1,9.203233123E-1,2.476499939E2,1.500000000E0,1.010000038E1
3.890689415E2,6.503502500E1,2.554757333E1,1.892292658E1,7.746569514E-1,1.996199951E2,1.399999976E0,9.899999619E0
3.900689415E2,6.503502333E1,2.554758000E1,1.972292646E1,6.315641403E-1,1.635299988E2,1.399999976E0,1.019999981E1
